INSERT INTO menu_info( menuid, menuname, menuurl, sort, classstyle, remark, parent_menuid, enable, menu_level) VALUES ('index', '主页', 'index.html', 1, 'glyphicon glyphicon-th', NULL, NULL, 1, 1);
INSERT INTO menu_info( menuid, menuname, menuurl, sort, classstyle, remark, parent_menuid, enable, menu_level) VALUES ('forms', 'forms', 'template/forms.html', 7, 'fa fa-list-ol', NULL, NULL, 1, 1);
INSERT INTO menu_info( menuid, menuname, menuurl, sort, classstyle, remark, parent_menuid, enable, menu_level) VALUES ('menu_manage', '菜单管理', 'template/childrenMenu/menu_manage.html', 21, 'fa fa-sort-amount-asc', NULL, 'system_manage', 1, 2);
INSERT INTO menu_info( menuid, menuname, menuurl, sort, classstyle, remark, parent_menuid, enable, menu_level) VALUES ('user_manage', '用户管理', 'template/childrenMenu/user_manage.html', 22, 'fa fa-address-book', NULL, 'system_manage', 1, 2);
INSERT INTO menu_info( menuid, menuname, menuurl, sort, classstyle, remark, parent_menuid, enable, menu_level) VALUES ('role_menu_manage', '角色菜单管理', 'template/childrenMenu/role_menu_manage.html', 23, 'fa fa-list-ol', NULL, 'system_manage', 1, 2);
INSERT INTO menu_info( menuid, menuname, menuurl, sort, classstyle, remark, parent_menuid, enable, menu_level) VALUES ('register', 'register', 'template/register.html', 5, 'fa fa-font', NULL, NULL, 1, 1);
INSERT INTO menu_info( menuid, menuname, menuurl, sort, classstyle, remark, parent_menuid, enable, menu_level) VALUES ('timeline', 'timeline', 'template/timeline.html', 6, 'fa fa-font', NULL, NULL, 1, 1);
INSERT INTO menu_info( menuid, menuname, menuurl, sort, classstyle, remark, parent_menuid, enable, menu_level) VALUES ( 'onlineUserList', '在线用户列表', 'template/onlieUserList.html', 12, 'fa fa-table', '', NULL, 1, 1);
INSERT INTO menu_info( menuid, menuname, menuurl, sort, classstyle, remark, parent_menuid, enable, menu_level) VALUES ( 'blog', '个人学习笔记', 'template/blog.html', 11, 'fa fa-chain', NULL, NULL, 1, 1);
INSERT INTO menu_info( menuid, menuname, menuurl, sort, classstyle, remark, parent_menuid, enable, menu_level) VALUES ( 'system_manage', '系统管理', 'template/system_manage.html', 2, 'fa fa-gear', NULL, NULL, 1, 1);
INSERT INTO menu_info( menuid, menuname, menuurl, sort, classstyle, remark, parent_menuid, enable, menu_level) VALUES ( 'signup', '个人收支', 'template/signup.html', 4, 'fa fa-list-ol', NULL, NULL, 1, 1);
INSERT INTO menu_info( menuid, menuname, menuurl, sort, classstyle, remark, parent_menuid, enable, menu_level) VALUES ( 'bootstrap_grid', 'bootstrap_grid', 'template/bootstrap_grid.html', 10, 'fa fa-table', NULL, NULL, 1, 1);
INSERT INTO menu_info( menuid, menuname, menuurl, sort, classstyle, remark, parent_menuid, enable, menu_level) VALUES ( 'bootstrap_elements', 'bootstrap_elements', 'template/bootstrap_elements.html', 9, 'fa fa-list-ul', NULL, NULL, 1, 1);
INSERT INTO menu_info( menuid, menuname, menuurl, sort, classstyle, remark, parent_menuid, enable, menu_level) VALUES ('typography', 'typography', 'template/typography.html', 8, 'fa fa-font', NULL, NULL, 1, 1);


INSERT INTO role_menu_info(roleid, menuid, enable, create_user, create_time, update_user, update_time) VALUES ('admin', 'index', 1, NULL, NULL, NULL, NULL);
INSERT INTO role_menu_info(roleid, menuid, enable, create_user, create_time, update_user, update_time) VALUES ('admin', 'blog', 1, NULL, NULL, NULL, NULL);
INSERT INTO role_menu_info(roleid, menuid, enable, create_user, create_time, update_user, update_time) VALUES ('admin', 'signup', 1, NULL, NULL, NULL, NULL);
INSERT INTO role_menu_info(roleid, menuid, enable, create_user, create_time, update_user, update_time) VALUES ('admin', 'register', 1, NULL, NULL, NULL, NULL);
INSERT INTO role_menu_info(roleid, menuid, enable, create_user, create_time, update_user, update_time) VALUES ('admin', 'timeline', 1, NULL, NULL, NULL, NULL);
INSERT INTO role_menu_info(roleid, menuid, enable, create_user, create_time, update_user, update_time) VALUES ('admin', 'forms', 1, NULL, NULL, NULL, NULL);
INSERT INTO role_menu_info(roleid, menuid, enable, create_user, create_time, update_user, update_time) VALUES ('user', 'blog', 1, NULL, NULL, NULL, NULL);
INSERT INTO role_menu_info(roleid, menuid, enable, create_user, create_time, update_user, update_time) VALUES ('user', 'register', 1, NULL, NULL, NULL, NULL);
INSERT INTO role_menu_info(roleid, menuid, enable, create_user, create_time, update_user, update_time) VALUES ('user', 'timeline', 1, NULL, NULL, NULL, NULL);
INSERT INTO role_menu_info(roleid, menuid, enable, create_user, create_time, update_user, update_time) VALUES ('user', 'forms', 1, NULL, NULL, NULL, NULL);
INSERT INTO role_menu_info(roleid, menuid, enable, create_user, create_time, update_user, update_time) VALUES ('user', 'typography', 1, NULL, NULL, NULL, NULL);
INSERT INTO role_menu_info(roleid, menuid, enable, create_user, create_time, update_user, update_time) VALUES ('guest', 'index', 1, NULL, NULL, NULL, NULL);
INSERT INTO role_menu_info(roleid, menuid, enable, create_user, create_time, update_user, update_time) VALUES ('admin', 'user_manage', 1, NULL, NULL, NULL, NULL);
INSERT INTO role_menu_info(roleid, menuid, enable, create_user, create_time, update_user, update_time) VALUES ('admin', 'system_manage', 1, NULL, NULL, NULL, NULL);
INSERT INTO role_menu_info(roleid, menuid, enable, create_user, create_time, update_user, update_time) VALUES ('admin', 'menu_manage', 1, NULL, NULL, NULL, NULL);
INSERT INTO role_menu_info(roleid, menuid, enable, create_user, create_time, update_user, update_time) VALUES ('admin', 'onlineUserList', 1, NULL, NULL, NULL, NULL);
INSERT INTO role_menu_info(roleid, menuid, enable, create_user, create_time, update_user, update_time) VALUES ('user', 'bootstrap_elements', 1, NULL, NULL, NULL, NULL);
INSERT INTO role_menu_info(roleid, menuid, enable, create_user, create_time, update_user, update_time) VALUES ('user', 'index', 1, NULL, NULL, NULL, NULL);
INSERT INTO role_menu_info(roleid, menuid, enable, create_user, create_time, update_user, update_time) VALUES ('admin', 'role_menu_manage', 1, NULL, NULL, NULL, NULL);
INSERT INTO role_menu_info(roleid, menuid, enable, create_user, create_time, update_user, update_time) VALUES ('tan', 'index', 1, '80003382', '2018-09-09 18:32:55.573', '80003382', '2018-09-09 18:32:55.573');
INSERT INTO role_menu_info(roleid, menuid, enable, create_user, create_time, update_user, update_time) VALUES ('admin', 'typography', 1, '80003382', '2018-09-12 22:06:33.071', '80003382', '2018-09-12 22:06:33.071');
INSERT INTO role_menu_info(roleid, menuid, enable, create_user, create_time, update_user, update_time) VALUES ('admin', 'bootstrap_elements', 1, '80003382', '2018-09-12 23:31:09.587', '80003382', '2018-09-12 23:31:09.587');
INSERT INTO role_menu_info(roleid, menuid, enable, create_user, create_time, update_user, update_time) VALUES ('guest', 'forms', 1, '80003382', '2018-09-12 23:59:40.635', '80003382', '2018-09-12 23:59:40.635');
INSERT INTO role_menu_info(roleid, menuid, enable, create_user, create_time, update_user, update_time) VALUES ('admin', 'bootstrap_grid', 1, '80003382', '2018-09-13 09:00:34.203', '80003382', '2018-09-13 09:00:34.203');


INSERT INTO roleinfo(roleid, rolename, description, create_user, create_time, update_user, update_time, enable) VALUES ('admin', '超级管理员', '所有权限', '80003382', '2018-07-29 22:36:58', '80003382', '2018-07-29 22:37:02', 1);
INSERT INTO roleinfo(roleid, rolename, description, create_user, create_time, update_user, update_time, enable) VALUES ('guest', '访客', '最小权限', '80003392', NULL, NULL, NULL, 1);
INSERT INTO roleinfo(roleid, rolename, description, create_user, create_time, update_user, update_time, enable) VALUES ('user', '普通用户', '一般权限', '80003382', '2018-08-05 18:43:08', '80003382', '2018-08-05 18:43:11', 1);
INSERT INTO roleinfo(roleid, rolename, description, create_user, create_time, update_user, update_time, enable) VALUES ('tan', '谭氏家族', '最小权限', '80003382', '2018-08-26 10:46:11', '80003382', '2018-08-26 10:46:14', 1);


INSERT INTO user_role_info(roleid, username, enable, create_user, create_time, update_user, update_time) VALUES ('admin', '80003382', 1, '80003382', '2018-09-12 22:07:11.622', '80003382', '2018-09-12 22:07:11.622');
INSERT INTO user_role_info(roleid, username, enable, create_user, create_time, update_user, update_time) VALUES ('guest', 'guest', 1, '80003382', '2018-09-12 23:58:42.924', '80003382', '2018-09-12 23:58:42.924');


INSERT INTO userinfo(username, password, salt, realname, enable, create_user, create_time, update_user, update_time, image_url) VALUES ('80003382', '13eb35db24d2fa99ce1da41ae83b03f1', 'abcdefg', '程小山', 1, '80003382', '2018-07-28 22:35:46', '80003382', '2018-09-12 22:07:11.608', '/usr/local/tomcat/apache-tomcat-8.5.24/webapps/ROOT/WEB-INF/classes/image/upload/timg1.jpg');
INSERT INTO userinfo(username, password, salt, realname, enable, create_user, create_time, update_user, update_time, image_url) VALUES ('guest', 'c2b3befe498ece0ace7edd775fa94890', 'abcdefg', 'guest', 1, '80003382', '2018-09-12 23:58:42.9', '80003382', '2018-09-12 23:58:42.9', NULL);


INSERT INTO consume_type_info(consume_id, consume_name, remark, import_no) VALUES ('houseCost', '房租消费(住)', '住房', 4);
INSERT INTO consume_type_info(consume_id, consume_name, remark, import_no) VALUES ('lifeCost', '生活消费(食)', '日常三餐', 1);
INSERT INTO consume_type_info(consume_id, consume_name, remark, import_no) VALUES ('transPort', '交通消费(行)', '交通费用', 2);
INSERT INTO consume_type_info(consume_id, consume_name, remark, import_no) VALUES ('clothesCost', '衣服消费(衣)', '日常生活用品', 3);
INSERT INTO consume_type_info(consume_id, consume_name, remark, import_no) VALUES ('otherCost', '其它消费', '电子产品、游玩', 5);


INSERT INTO consume_detail_info( user_name, consume_time, consume_money, consume_id, remark, create_time, create_user, update_time, update_user) VALUES ('80003382', '2018-08-31', 16.0000, 'life', '中餐', '2018-09-01 13:17:15.862', '80003382', '2018-09-01 13:17:15.986', '80003382');
INSERT INTO consume_detail_info( user_name, consume_time, consume_money, consume_id, remark, create_time, create_user, update_time, update_user) VALUES ('80003382', '2018-08-31', 12.0000, 'life', '晚餐', '2018-09-01 13:20:48.69', '80003382', '2018-09-01 13:20:48.69', '80003382');
INSERT INTO consume_detail_info( user_name, consume_time, consume_money, consume_id, remark, create_time, create_user, update_time, update_user) VALUES ('80003382', '2018-08-30', 15.0000, 'life', '中餐', '2018-09-01 14:37:11.714', '80003382', '2018-09-01 14:37:11.714', '80003382');
INSERT INTO consume_detail_info( user_name, consume_time, consume_money, consume_id, remark, create_time, create_user, update_time, update_user) VALUES ('80003382', '2018-08-29', 14.0000, 'life', '中餐', '2018-09-01 14:50:50.15', '80003382', '2018-09-01 14:50:50.15', '80003382');
INSERT INTO consume_detail_info( user_name, consume_time, consume_money, consume_id, remark, create_time, create_user, update_time, update_user) VALUES ('80003382', '2018-08-29', 14.0000, 'life', '晚餐', '2018-09-01 14:51:03.35', '80003382', '2018-09-01 14:51:03.351', '80003382');
INSERT INTO consume_detail_info( user_name, consume_time, consume_money, consume_id, remark, create_time, create_user, update_time, update_user) VALUES ('80003382', '2018-08-28', 13.0000, 'life', '晚餐', '2018-09-01 14:51:58.516', '80003382', '2018-09-01 14:51:58.516', '80003382');
INSERT INTO consume_detail_info( user_name, consume_time, consume_money, consume_id, remark, create_time, create_user, update_time, update_user) VALUES ('80003382', '2018-08-30', 0.0000, 'life', '周四加班餐', '2018-09-01 14:50:02.046', '80003382', '2018-09-01 19:50:10.339', '80003382');
INSERT INTO consume_detail_info( user_name, consume_time, consume_money, consume_id, remark, create_time, create_user, update_time, update_user) VALUES ('80003382', '2018-08-31', 5.8500, 'transport', '下班地铁', '2018-09-01 20:01:10.831', '80003382', '2018-09-01 20:01:10.831', '80003382');
INSERT INTO consume_detail_info( user_name, consume_time, consume_money, consume_id, remark, create_time, create_user, update_time, update_user) VALUES ('80003382', '2018-08-31', 5.8500, 'transport', '上班地铁', '2018-08-31 10:21:43', '80003382', '2018-09-01 20:01:17.003', '80003382');
INSERT INTO consume_detail_info( user_name, consume_time, consume_money, consume_id, remark, create_time, create_user, update_time, update_user) VALUES ( '80003382', '2018-08-30', 5.8500, 'transport', '上班地铁', '2018-09-01 14:36:17.103', '80003382', '2018-09-01 20:01:43.394', '80003382');
INSERT INTO consume_detail_info( user_name, consume_time, consume_money, consume_id, remark, create_time, create_user, update_time, update_user) VALUES ( '80003382', '2018-08-30', 5.8500, 'transport', '下班地铁', '2018-09-01 20:01:54.332', '80003382', '2018-09-01 20:01:54.332', '80003382');
INSERT INTO consume_detail_info( user_name, consume_time, consume_money, consume_id, remark, create_time, create_user, update_time, update_user) VALUES ( '80003382', '2018-08-29', 5.8500, 'transport', '下班地铁', '2018-09-01 14:50:15.54', '80003382', '2018-09-01 20:02:13.146', '80003382');
INSERT INTO consume_detail_info( user_name, consume_time, consume_money, consume_id, remark, create_time, create_user, update_time, update_user) VALUES ( '80003382', '2018-08-29', 5.8500, 'transport', '上班地铁', '2018-09-01 20:02:25.117', '80003382', '2018-09-01 20:02:25.117', '80003382');
INSERT INTO consume_detail_info( user_name, consume_time, consume_money, consume_id, remark, create_time, create_user, update_time, update_user) VALUES ( '80003382', '2018-08-28', 15.0000, 'life', '中餐', '2018-09-01 20:02:51.692', '80003382', '2018-09-01 20:02:51.692', '80003382');
INSERT INTO consume_detail_info( user_name, consume_time, consume_money, consume_id, remark, create_time, create_user, update_time, update_user) VALUES ( '80003382', '2018-08-28', 5.8500, 'transport', '上班地铁', '2018-09-01 14:52:08.177', '80003382', '2018-09-01 20:03:01.762', '80003382');
INSERT INTO consume_detail_info( user_name, consume_time, consume_money, consume_id, remark, create_time, create_user, update_time, update_user) VALUES ( '80003382', '2018-08-28', 5.8500, 'transport', '下班地铁', '2018-09-01 20:03:12.489', '80003382', '2018-09-01 20:03:12.489', '80003382');
INSERT INTO consume_detail_info( user_name, consume_time, consume_money, consume_id, remark, create_time, create_user, update_time, update_user) VALUES ( '80003382', '2018-09-01', 11.0000, 'life', '中餐', '2018-09-01 15:07:18.187', '80003382', '2018-09-01 15:07:18.195', '80003382');
INSERT INTO consume_detail_info( user_name, consume_time, consume_money, consume_id, remark, create_time, create_user, update_time, update_user) VALUES ( '80003382', '2018-08-27', 11.0000, 'life', '上班地铁', '2018-09-01 23:06:20.532', '80003382', '2018-09-01 23:06:20.532', '80003382');
INSERT INTO consume_detail_info( user_name, consume_time, consume_money, consume_id, remark, create_time, create_user, update_time, update_user) VALUES ( '80003382', '2018-08-27', 7.0000, 'life', '早餐', '2018-09-01 23:06:20.532', '80003382', '2018-09-01 23:06:20.532', '80003382');
INSERT INTO consume_detail_info( user_name, consume_time, consume_money, consume_id, remark, create_time, create_user, update_time, update_user) VALUES ( '80003382', '2018-08-27', 0.0000, 'life', '加班餐', '2018-09-01 23:06:20.532', '80003382', '2018-09-01 23:06:20.532', '80003382');
INSERT INTO consume_detail_info( user_name, consume_time, consume_money, consume_id, remark, create_time, create_user, update_time, update_user) VALUES ( '80003382', '2018-08-27', 5.8500, 'transport', '上班地铁', '2018-09-01 23:00:39.909', '80003382', '2018-09-01 23:06:42.716', '80003382');
INSERT INTO consume_detail_info( user_name, consume_time, consume_money, consume_id, remark, create_time, create_user, update_time, update_user) VALUES ( '80003382', '2018-08-27', 5.8500, 'transport', '下班地铁', '2018-09-01 23:00:39.944', '80003382', '2018-09-01 23:06:46.506', '80003382');
INSERT INTO consume_detail_info( user_name, consume_time, consume_money, consume_id, remark, create_time, create_user, update_time, update_user) VALUES ( '80003382', '2018-08-26', 11.8000, 'life', '中餐', '2018-09-01 23:09:46.242', '80003382', '2018-09-01 23:09:46.242', '80003382');
INSERT INTO consume_detail_info( user_name, consume_time, consume_money, consume_id, remark, create_time, create_user, update_time, update_user) VALUES ( '80003382', '2018-08-25', 13.8000, 'life', '中餐', '2018-09-01 23:09:46.242', '80003382', '2018-09-01 23:09:46.242', '80003382');
INSERT INTO consume_detail_info( user_name, consume_time, consume_money, consume_id, remark, create_time, create_user, update_time, update_user) VALUES ( '80003382', '2018-08-24', 15.8900, 'life', '中餐', '2018-09-01 23:09:46.242', '80003382', '2018-09-01 23:09:46.242', '80003382');
INSERT INTO consume_detail_info( user_name, consume_time, consume_money, consume_id, remark, create_time, create_user, update_time, update_user) VALUES ( '80003382', '2018-08-24', 12.0000, 'life', '晚餐', '2018-09-01 23:09:46.242', '80003382', '2018-09-01 23:09:46.242', '80003382');
INSERT INTO consume_detail_info( user_name, consume_time, consume_money, consume_id, remark, create_time, create_user, update_time, update_user) VALUES ( '80003382', '2018-08-24', 5.8500, 'transport', '上班地铁', '2018-09-01 23:09:46.242', '80003382', '2018-09-01 23:09:46.242', '80003382');
INSERT INTO consume_detail_info( user_name, consume_time, consume_money, consume_id, remark, create_time, create_user, update_time, update_user) VALUES ( '80003382', '2018-08-24', 5.8500, 'transport', '下班地铁', '2018-09-01 23:09:46.243', '80003382', '2018-09-01 23:09:46.243', '80003382');
INSERT INTO consume_detail_info( user_name, consume_time, consume_money, consume_id, remark, create_time, create_user, update_time, update_user) VALUES ( '80003382', '2018-08-23', 16.0000, 'life', '中餐', '2018-09-01 23:18:48.983', '80003382', '2018-09-01 23:18:48.983', '80003382');
INSERT INTO consume_detail_info( user_name, consume_time, consume_money, consume_id, remark, create_time, create_user, update_time, update_user) VALUES ( '80003382', '2018-08-23', 0.0000, 'life', '周四加班晚餐', '2018-09-01 23:18:48.985', '80003382', '2018-09-01 23:18:48.985', '80003382');
INSERT INTO consume_detail_info( user_name, consume_time, consume_money, consume_id, remark, create_time, create_user, update_time, update_user) VALUES ( '80003382', '2018-08-23', 34.5000, 'transport', '加班打的', '2018-09-01 23:18:48.986', '80003382', '2018-09-01 23:18:48.986', '80003382');
INSERT INTO consume_detail_info( user_name, consume_time, consume_money, consume_id, remark, create_time, create_user, update_time, update_user) VALUES ( '80003382', '2018-08-22', 16.0000, 'life', '晚餐', '2018-09-01 23:18:48.986', '80003382', '2018-09-01 23:18:48.986', '80003382');
INSERT INTO consume_detail_info( user_name, consume_time, consume_money, consume_id, remark, create_time, create_user, update_time, update_user) VALUES ( '80003382', '2018-08-22', 13.0000, 'life', '中餐', '2018-09-01 23:18:48.988', '80003382', '2018-09-01 23:18:48.988', '80003382');
INSERT INTO consume_detail_info( user_name, consume_time, consume_money, consume_id, remark, create_time, create_user, update_time, update_user) VALUES ( '80003382', '2018-08-21', 13.0000, 'life', '中餐', '2018-09-01 23:18:48.995', '80003382', '2018-09-01 23:18:48.995', '80003382');
INSERT INTO consume_detail_info( user_name, consume_time, consume_money, consume_id, remark, create_time, create_user, update_time, update_user) VALUES ( '80003382', '2018-08-21', 0.0000, 'life', '周二加班晚餐', '2018-09-01 23:18:48.996', '80003382', '2018-09-01 23:18:48.996', '80003382');
INSERT INTO consume_detail_info( user_name, consume_time, consume_money, consume_id, remark, create_time, create_user, update_time, update_user) VALUES ( '80003382', '2018-08-23', 100.0000, 'transport', '公交充值', '2018-09-01 23:27:03.122', '80003382', '2018-09-01 23:27:25.805', '80003382');
INSERT INTO consume_detail_info( user_name, consume_time, consume_money, consume_id, remark, create_time, create_user, update_time, update_user) VALUES ( '80003382', '2018-08-20', 12.0000, 'life', '中餐', '2018-09-01 23:28:17.392', '80003382', '2018-09-01 23:28:17.392', '80003382');
INSERT INTO consume_detail_info( user_name, consume_time, consume_money, consume_id, remark, create_time, create_user, update_time, update_user) VALUES ( '80003382', '2018-08-20', 14.0000, 'life', '晚餐', '2018-09-01 23:28:17.392', '80003382', '2018-09-01 23:28:17.392', '80003382');
INSERT INTO consume_detail_info( user_name, consume_time, consume_money, consume_id, remark, create_time, create_user, update_time, update_user) VALUES ( '80003382', '2018-08-20', 7.0000, 'life', '早餐', '2018-09-01 23:28:17.392', '80003382', '2018-09-01 23:28:17.392', '80003382');
INSERT INTO consume_detail_info( user_name, consume_time, consume_money, consume_id, remark, create_time, create_user, update_time, update_user) VALUES ( '80003382', '2018-08-19', 13.8000, 'life', '中餐', '2018-09-01 23:28:17.392', '80003382', '2018-09-01 23:28:17.392', '80003382');
INSERT INTO consume_detail_info( user_name, consume_time, consume_money, consume_id, remark, create_time, create_user, update_time, update_user) VALUES ( '80003382', '2018-08-18', 13.9000, 'life', '中餐', '2018-09-01 23:28:17.393', '80003382', '2018-09-01 23:28:17.393', '80003382');
INSERT INTO consume_detail_info( user_name, consume_time, consume_money, consume_id, remark, create_time, create_user, update_time, update_user) VALUES ( '80003382', '2018-08-17', 15.7000, 'life', '中餐', '2018-09-01 23:28:17.393', '80003382', '2018-09-01 23:28:17.393', '80003382');
INSERT INTO consume_detail_info( user_name, consume_time, consume_money, consume_id, remark, create_time, create_user, update_time, update_user) VALUES ( '80003382', '2018-08-16', 13.0000, 'life', '中餐', '2018-09-01 23:28:17.393', '80003382', '2018-09-01 23:28:17.393', '80003382');
INSERT INTO consume_detail_info( user_name, consume_time, consume_money, consume_id, remark, create_time, create_user, update_time, update_user) VALUES ( '80003382', '2018-08-15', 10.0000, 'life', '晚餐', '2018-09-01 23:28:17.393', '80003382', '2018-09-01 23:28:17.393', '80003382');
INSERT INTO consume_detail_info( user_name, consume_time, consume_money, consume_id, remark, create_time, create_user, update_time, update_user) VALUES ( '80003382', '2018-08-15', 14.0000, 'life', '中餐', '2018-09-01 23:28:17.394', '80003382', '2018-09-01 23:28:17.394', '80003382');
INSERT INTO consume_detail_info( user_name, consume_time, consume_money, consume_id, remark, create_time, create_user, update_time, update_user) VALUES ( '80003382', '2018-08-14', 16.8000, 'life', '中餐', '2018-09-01 23:28:17.394', '80003382', '2018-09-01 23:28:17.394', '80003382');
INSERT INTO consume_detail_info( user_name, consume_time, consume_money, consume_id, remark, create_time, create_user, update_time, update_user) VALUES ( '80003382', '2018-08-14', 12.0000, 'life', '晚餐', '2018-09-01 23:28:17.394', '80003382', '2018-09-01 23:28:17.394', '80003382');
INSERT INTO consume_detail_info( user_name, consume_time, consume_money, consume_id, remark, create_time, create_user, update_time, update_user) VALUES ( '80003382', '2018-08-13', 13.8000, 'life', '中餐', '2018-09-01 23:28:17.394', '80003382', '2018-09-01 23:28:17.394', '80003382');
INSERT INTO consume_detail_info( user_name, consume_time, consume_money, consume_id, remark, create_time, create_user, update_time, update_user) VALUES ( '80003382', '2018-08-13', 100.0000, 'transport', '公交充值', '2018-09-01 23:28:17.394', '80003382', '2018-09-01 23:28:17.394', '80003382');
INSERT INTO consume_detail_info( user_name, consume_time, consume_money, consume_id, remark, create_time, create_user, update_time, update_user) VALUES ( '80003382', '2018-08-12', 35.0000, 'clothes', '理发', '2018-09-01 23:28:17.394', '80003382', '2018-09-01 23:28:17.394', '80003382');
INSERT INTO consume_detail_info( user_name, consume_time, consume_money, consume_id, remark, create_time, create_user, update_time, update_user) VALUES ( '80003382', '2018-08-12', 12.0000, 'life', '中餐', '2018-09-01 23:28:17.395', '80003382', '2018-09-01 23:28:17.395', '80003382');
INSERT INTO consume_detail_info( user_name, consume_time, consume_money, consume_id, remark, create_time, create_user, update_time, update_user) VALUES ( '80003382', '2018-08-05', 1180.0000, 'house', '房租', '2018-09-01 23:37:41.355', '80003382', '2018-09-01 23:37:50.292', '80003382');
INSERT INTO consume_detail_info( user_name, consume_time, consume_money, consume_id, remark, create_time, create_user, update_time, update_user) VALUES ( '80003382', '2018-08-05', 14.0000, 'life', '中餐', '2018-09-01 23:55:25.201', '80003382', '2018-09-01 23:55:25.209', '80003382');
INSERT INTO consume_detail_info( user_name, consume_time, consume_money, consume_id, remark, create_time, create_user, update_time, update_user) VALUES ( '80003382', '2018-08-04', 14.0000, 'life', '中餐', '2018-09-01 23:55:51.335', '80003382', '2018-09-01 23:55:51.335', '80003382');
INSERT INTO consume_detail_info( user_name, consume_time, consume_money, consume_id, remark, create_time, create_user, update_time, update_user) VALUES ( '80003382', '2018-08-06', 12.0000, 'life', '中餐', '2018-09-02 00:00:01.759', '80003382', '2018-09-02 00:00:01.759', '80003382');
INSERT INTO consume_detail_info( user_name, consume_time, consume_money, consume_id, remark, create_time, create_user, update_time, update_user) VALUES ( '80003382', '2018-08-06', 14.0000, 'life', '晚餐', '2018-09-02 00:00:01.759', '80003382', '2018-09-02 00:00:01.759', '80003382');
INSERT INTO consume_detail_info( user_name, consume_time, consume_money, consume_id, remark, create_time, create_user, update_time, update_user) VALUES ( '80003382', '2018-08-06', 5.8500, 'transport', '上班地铁', '2018-09-02 00:00:01.759', '80003382', '2018-09-02 00:00:01.759', '80003382');
INSERT INTO consume_detail_info( user_name, consume_time, consume_money, consume_id, remark, create_time, create_user, update_time, update_user) VALUES ( '80003382', '2018-08-06', 5.8500, 'transport', '下班地铁', '2018-09-02 00:00:01.759', '80003382', '2018-09-02 00:00:01.759', '80003382');
INSERT INTO consume_detail_info( user_name, consume_time, consume_money, consume_id, remark, create_time, create_user, update_time, update_user) VALUES ( '80003382', '2018-08-07', 12.0000, 'life', '中餐', '2018-09-02 00:00:01.759', '80003382', '2018-09-02 00:00:01.759', '80003382');
INSERT INTO consume_detail_info( user_name, consume_time, consume_money, consume_id, remark, create_time, create_user, update_time, update_user) VALUES ( '80003382', '2018-08-07', 14.0000, 'life', '晚餐', '2018-09-02 00:00:01.759', '80003382', '2018-09-02 00:00:01.759', '80003382');
INSERT INTO consume_detail_info( user_name, consume_time, consume_money, consume_id, remark, create_time, create_user, update_time, update_user) VALUES ( '80003382', '2018-08-07', 5.8500, 'transport', '上班地铁', '2018-09-02 00:00:01.759', '80003382', '2018-09-02 00:00:01.759', '80003382');
INSERT INTO consume_detail_info( user_name, consume_time, consume_money, consume_id, remark, create_time, create_user, update_time, update_user) VALUES ( '80003382', '2018-08-07', 5.8500, 'transport', '下班地铁', '2018-09-02 00:00:01.759', '80003382', '2018-09-02 00:00:01.759', '80003382');
INSERT INTO consume_detail_info( user_name, consume_time, consume_money, consume_id, remark, create_time, create_user, update_time, update_user) VALUES ( '80003382', '2018-08-08', 12.0000, 'life', '中餐', '2018-09-02 00:00:01.759', '80003382', '2018-09-02 00:00:01.759', '80003382');
INSERT INTO consume_detail_info( user_name, consume_time, consume_money, consume_id, remark, create_time, create_user, update_time, update_user) VALUES ( '80003382', '2018-08-08', 14.0000, 'life', '晚餐', '2018-09-02 00:00:01.759', '80003382', '2018-09-02 00:00:01.759', '80003382');
INSERT INTO consume_detail_info( user_name, consume_time, consume_money, consume_id, remark, create_time, create_user, update_time, update_user) VALUES ( '80003382', '2018-08-08', 5.8500, 'transport', '上班地铁', '2018-09-02 00:00:01.759', '80003382', '2018-09-02 00:00:01.759', '80003382');
INSERT INTO consume_detail_info( user_name, consume_time, consume_money, consume_id, remark, create_time, create_user, update_time, update_user) VALUES ( '80003382', '2018-08-08', 5.8500, 'transport', '下班地铁', '2018-09-02 00:00:01.759', '80003382', '2018-09-02 00:00:01.759', '80003382');
INSERT INTO consume_detail_info( user_name, consume_time, consume_money, consume_id, remark, create_time, create_user, update_time, update_user) VALUES ( '80003382', '2018-08-09', 12.0000, 'life', '中餐', '2018-09-02 00:00:01.763', '80003382', '2018-09-02 00:00:01.763', '80003382');
INSERT INTO consume_detail_info( user_name, consume_time, consume_money, consume_id, remark, create_time, create_user, update_time, update_user) VALUES ( '80003382', '2018-08-09', 14.0000, 'life', '晚餐', '2018-09-02 00:00:01.763', '80003382', '2018-09-02 00:00:01.763', '80003382');
INSERT INTO consume_detail_info( user_name, consume_time, consume_money, consume_id, remark, create_time, create_user, update_time, update_user) VALUES ( '80003382', '2018-08-09', 5.8500, 'transport', '上班地铁', '2018-09-02 00:00:01.763', '80003382', '2018-09-02 00:00:01.763', '80003382');
INSERT INTO consume_detail_info( user_name, consume_time, consume_money, consume_id, remark, create_time, create_user, update_time, update_user) VALUES ( '80003382', '2018-08-09', 5.8500, 'transport', '下班地铁', '2018-09-02 00:00:01.763', '80003382', '2018-09-02 00:00:01.763', '80003382');
INSERT INTO consume_detail_info( user_name, consume_time, consume_money, consume_id, remark, create_time, create_user, update_time, update_user) VALUES ( '80003382', '2018-08-10', 12.0000, 'life', '中餐', '2018-09-02 00:01:13.556', '80003382', '2018-09-02 00:01:13.556', '80003382');
INSERT INTO consume_detail_info( user_name, consume_time, consume_money, consume_id, remark, create_time, create_user, update_time, update_user) VALUES ( '80003382', '2018-08-10', 14.0000, 'life', '晚餐', '2018-09-02 00:01:13.556', '80003382', '2018-09-02 00:01:13.556', '80003382');
INSERT INTO consume_detail_info( user_name, consume_time, consume_money, consume_id, remark, create_time, create_user, update_time, update_user) VALUES ( '80003382', '2018-08-10', 5.8500, 'transport', '上班地铁', '2018-09-02 00:01:13.556', '80003382', '2018-09-02 00:01:13.556', '80003382');
INSERT INTO consume_detail_info( user_name, consume_time, consume_money, consume_id, remark, create_time, create_user, update_time, update_user) VALUES ( '80003382', '2018-08-10', 5.8500, 'transport', '下班地铁', '2018-09-02 00:01:13.571', '80003382', '2018-09-02 00:01:13.571', '80003382');
INSERT INTO consume_detail_info( user_name, consume_time, consume_money, consume_id, remark, create_time, create_user, update_time, update_user) VALUES ( '80003382', '2018-08-01', 12.0000, 'life', '中餐', '2018-09-02 00:03:06.694', '80003382', '2018-09-02 00:03:06.694', '80003382');
INSERT INTO consume_detail_info( user_name, consume_time, consume_money, consume_id, remark, create_time, create_user, update_time, update_user) VALUES ( '80003382', '2018-08-01', 14.0000, 'life', '晚餐', '2018-09-02 00:03:06.694', '80003382', '2018-09-02 00:03:06.694', '80003382');
INSERT INTO consume_detail_info( user_name, consume_time, consume_money, consume_id, remark, create_time, create_user, update_time, update_user) VALUES ( '80003382', '2018-08-01', 5.8500, 'transport', '上班地铁', '2018-09-02 00:03:06.694', '80003382', '2018-09-02 00:03:06.694', '80003382');
INSERT INTO consume_detail_info( user_name, consume_time, consume_money, consume_id, remark, create_time, create_user, update_time, update_user) VALUES ( '80003382', '2018-08-01', 5.8500, 'transport', '下班地铁', '2018-09-02 00:03:06.694', '80003382', '2018-09-02 00:03:06.694', '80003382');
INSERT INTO consume_detail_info( user_name, consume_time, consume_money, consume_id, remark, create_time, create_user, update_time, update_user) VALUES ( '80003382', '2018-08-02', 16.0000, 'life', '中餐', '2018-09-02 00:03:06.694', '80003382', '2018-09-02 00:03:06.694', '80003382');
INSERT INTO consume_detail_info( user_name, consume_time, consume_money, consume_id, remark, create_time, create_user, update_time, update_user) VALUES ( '80003382', '2018-08-02', 18.0000, 'life', '晚餐', '2018-09-02 00:03:06.694', '80003382', '2018-09-02 00:03:06.694', '80003382');
INSERT INTO consume_detail_info( user_name, consume_time, consume_money, consume_id, remark, create_time, create_user, update_time, update_user) VALUES ( '80003382', '2018-08-02', 5.8500, 'transport', '上班地铁', '2018-09-02 00:03:06.694', '80003382', '2018-09-02 00:03:06.694', '80003382');
INSERT INTO consume_detail_info( user_name, consume_time, consume_money, consume_id, remark, create_time, create_user, update_time, update_user) VALUES ( '80003382', '2018-08-02', 5.8500, 'transport', '下班地铁', '2018-09-02 00:03:06.694', '80003382', '2018-09-02 00:03:06.694', '80003382');
INSERT INTO consume_detail_info( user_name, consume_time, consume_money, consume_id, remark, create_time, create_user, update_time, update_user) VALUES ( '80003382', '2018-08-03', 20.0000, 'life', '中餐', '2018-09-02 00:03:06.694', '80003382', '2018-09-02 00:03:06.694', '80003382');
INSERT INTO consume_detail_info( user_name, consume_time, consume_money, consume_id, remark, create_time, create_user, update_time, update_user) VALUES ( '80003382', '2018-08-03', 22.0000, 'life', '晚餐', '2018-09-02 00:03:06.694', '80003382', '2018-09-02 00:03:06.694', '80003382');
INSERT INTO consume_detail_info( user_name, consume_time, consume_money, consume_id, remark, create_time, create_user, update_time, update_user) VALUES ( '80003382', '2018-08-03', 5.8500, 'transport', '上班地铁', '2018-09-02 00:03:06.694', '80003382', '2018-09-02 00:03:06.694', '80003382');
INSERT INTO consume_detail_info( user_name, consume_time, consume_money, consume_id, remark, create_time, create_user, update_time, update_user) VALUES ( '80003382', '2018-08-03', 5.8500, 'transport', '下班地铁', '2018-09-02 00:03:06.694', '80003382', '2018-09-02 00:03:06.694', '80003382');
INSERT INTO consume_detail_info( user_name, consume_time, consume_money, consume_id, remark, create_time, create_user, update_time, update_user) VALUES ( '80003382', '2018-08-10', 100.0000, 'life', '1箱牛奶、1箱方便面、2箱面包', '2018-09-02 10:24:27.307', '80003382', '2018-09-02 10:26:35.216', '80003382');
INSERT INTO consume_detail_info( user_name, consume_time, consume_money, consume_id, remark, create_time, create_user, update_time, update_user) VALUES ( '80003382', '2018-09-02', 15.8000, 'life', '中餐', '2018-09-02 12:48:54.729', '80003382', '2018-09-02 12:48:54.729', '80003382');
INSERT INTO consume_detail_info( user_name, consume_time, consume_money, consume_id, remark, create_time, create_user, update_time, update_user) VALUES ( '80003382', '2018-09-03', 5.8500, 'transport', '下班地铁', '2018-09-03 23:10:52.482', '80003382', '2018-09-03 23:10:52.486', '80003382');
INSERT INTO consume_detail_info( user_name, consume_time, consume_money, consume_id, remark, create_time, create_user, update_time, update_user) VALUES ( '80003382', '2018-09-03', 5.8500, 'transport', '上班地铁', '2018-09-03 23:11:11.701', '80003382', '2018-09-03 23:11:11.701', '80003382');
INSERT INTO consume_detail_info( user_name, consume_time, consume_money, consume_id, remark, create_time, create_user, update_time, update_user) VALUES ( '80003382', '2018-09-03', 10.0000, 'life', '中餐(刀削面)', '2018-09-03 23:11:31.554', '80003382', '2018-09-03 23:11:31.554', '80003382');
INSERT INTO consume_detail_info( user_name, consume_time, consume_money, consume_id, remark, create_time, create_user, update_time, update_user) VALUES ( '80003382', '2018-09-04', 5.8500, 'transport', '上班地铁', '2018-09-05 00:19:15.175', '80003382', '2018-09-05 00:19:15.179', '80003382');
INSERT INTO consume_detail_info( user_name, consume_time, consume_money, consume_id, remark, create_time, create_user, update_time, update_user) VALUES ( '80003382', '2018-09-04', 5.8500, 'transport', '下班地铁', '2018-09-05 00:19:25.092', '80003382', '2018-09-05 00:19:25.092', '80003382');
INSERT INTO consume_detail_info( user_name, consume_time, consume_money, consume_id, remark, create_time, create_user, update_time, update_user) VALUES ( '80003382', '2018-09-04', 9.0000, 'life', '晚餐', '2018-09-05 00:21:42.994', '80003382', '2018-09-05 00:21:42.994', '80003382');
INSERT INTO consume_detail_info( user_name, consume_time, consume_money, consume_id, remark, create_time, create_user, update_time, update_user) VALUES ( '80003382', '2018-09-04', 14.0000, 'life', '中餐', '2018-09-05 00:22:00.349', '80003382', '2018-09-05 00:22:00.349', '80003382');
INSERT INTO consume_detail_info( user_name, consume_time, consume_money, consume_id, remark, create_time, create_user, update_time, update_user) VALUES ( '80003382', '2018-09-06', 5.8500, 'transport', '上班地铁', '2018-09-05 01:19:14.252', '80003382', '2018-09-05 01:19:14.269', '80003382');
INSERT INTO consume_detail_info( user_name, consume_time, consume_money, consume_id, remark, create_time, create_user, update_time, update_user) VALUES ( '80003382', '2018-09-06', 5.8500, 'transport', '下班地铁', '2018-09-05 01:19:26.638', '80003382', '2018-09-05 01:19:26.638', '80003382');
INSERT INTO consume_detail_info( user_name, consume_time, consume_money, consume_id, remark, create_time, create_user, update_time, update_user) VALUES ('80003382', '2018-09-05', 56.7000, 'life', '1箱牛奶，1箱面包', '2018-09-05 00:22:23.439', '80003382', '2018-09-05 08:48:11.316', '80003382');
INSERT INTO consume_detail_info( user_name, consume_time, consume_money, consume_id, remark, create_time, create_user, update_time, update_user) VALUES ( '80003382', '2018-09-04', 293.0000, 'other', '阿里云服务器购买', '2018-09-05 08:52:28.144', '80003382', '2018-09-05 08:52:28.144', '80003382');
INSERT INTO consume_detail_info( user_name, consume_time, consume_money, consume_id, remark, create_time, create_user, update_time, update_user) VALUES ( '80003382', '2018-09-12', 5.8500, 'transport', '上下班地铁', '2018-09-12 23:00:00.217', 'admin', '2018-09-12 23:00:00.218', 'admin');
INSERT INTO consume_detail_info( user_name, consume_time, consume_money, consume_id, remark, create_time, create_user, update_time, update_user) VALUES ('80003382', '2018-09-05', 15.0000, 'life', '中餐', '2018-09-05 00:22:33.864', '80003382', '2018-09-05 12:45:04.338', '80003382');
INSERT INTO consume_detail_info( user_name, consume_time, consume_money, consume_id, remark, create_time, create_user, update_time, update_user) VALUES ( '80003382', '2018-09-12', 5.8500, 'transport', '上下班地铁', '2018-09-12 23:00:00.218', 'admin', '2018-09-12 23:00:00.218', 'admin');
INSERT INTO consume_detail_info( user_name, consume_time, consume_money, consume_id, remark, create_time, create_user, update_time, update_user) VALUES ('80003382', '2018-09-05', 1187.0000, 'house', '房租(白石龙)', '2018-09-02 12:49:42.582', '80003382', '2018-09-05 19:35:12.725', '80003382');
INSERT INTO consume_detail_info( user_name, consume_time, consume_money, consume_id, remark, create_time, create_user, update_time, update_user) VALUES ( '80003382', '2018-09-06', 100.0000, 'other', '话费充值', '2018-09-06 09:06:34.443', '80003382', '2018-09-06 09:06:34.443', '80003382');
INSERT INTO consume_detail_info( user_name, consume_time, consume_money, consume_id, remark, create_time, create_user, update_time, update_user) VALUES ( '80003382', '2018-09-06', 14.0000, 'life', '中餐(星期五)', '2018-09-06 12:36:08.505', '80003382', '2018-09-06 22:10:15.59', '80003382');
INSERT INTO consume_detail_info( user_name, consume_time, consume_money, consume_id, remark, create_time, create_user, update_time, update_user) VALUES ( '80003382', '2018-09-06', 14.0000, 'life', '晚餐(金嘉味)', '2018-09-06 12:37:24.997', '80003382', '2018-09-06 22:10:31.168', '80003382');
INSERT INTO consume_detail_info( user_name, consume_time, consume_money, consume_id, remark, create_time, create_user, update_time, update_user) VALUES ( '80003382', '2018-09-07', 14.0000, 'life', '中餐', '2018-09-07 12:20:16.432', '80003382', '2018-09-07 12:20:16.432', '80003382');
INSERT INTO consume_detail_info( user_name, consume_time, consume_money, consume_id, remark, create_time, create_user, update_time, update_user) VALUES ( '80003382', '2018-09-07', 14.0000, 'life', '晚餐', '2018-09-07 20:34:48.279', '80003382', '2018-09-07 20:34:48.279', '80003382');
INSERT INTO consume_detail_info( user_name, consume_time, consume_money, consume_id, remark, create_time, create_user, update_time, update_user) VALUES ( '80003382', '2018-09-07', 5.8500, 'transport', '上班地铁', '2018-09-08 00:45:41.373', '80003382', '2018-09-08 00:45:41.373', '80003382');
INSERT INTO consume_detail_info( user_name, consume_time, consume_money, consume_id, remark, create_time, create_user, update_time, update_user) VALUES ( '80003382', '2018-09-07', 5.8500, 'transport', '下班地铁', '2018-09-08 00:45:50.365', '80003382', '2018-09-08 00:45:50.365', '80003382');
INSERT INTO consume_detail_info( user_name, consume_time, consume_money, consume_id, remark, create_time, create_user, update_time, update_user) VALUES ( '80003382', '2018-09-08', 12.0000, 'life', '中餐', '2018-09-08 13:39:38.566', '80003382', '2018-09-08 13:39:38.566', '80003382');
INSERT INTO consume_detail_info( user_name, consume_time, consume_money, consume_id, remark, create_time, create_user, update_time, update_user) VALUES ( '80003382', '2018-09-09', 14.0000, 'life', '中餐', '2018-09-09 18:32:24.995', '80003382', '2018-09-09 18:32:24.995', '80003382');
INSERT INTO consume_detail_info( user_name, consume_time, consume_money, consume_id, remark, create_time, create_user, update_time, update_user) VALUES ( '80003382', '2018-09-10', 14.0000, 'life', '中餐', '2018-09-09 23:47:29.083', '80003382', '2018-09-09 23:47:29.083', '80003382');
INSERT INTO consume_detail_info( user_name, consume_time, consume_money, consume_id, remark, create_time, create_user, update_time, update_user) VALUES ( '80003382', '2018-09-10', 5.8500, 'transport', '上班地铁', '2018-09-11 01:54:39.525', '80003382', '2018-09-11 01:54:39.525', '80003382');
INSERT INTO consume_detail_info( user_name, consume_time, consume_money, consume_id, remark, create_time, create_user, update_time, update_user) VALUES ( '80003382', '2018-09-12', 14.0000, 'life', '中餐', '2018-09-12 23:31:43.742', '80003382', '2018-09-12 23:31:43.742', '80003382');
INSERT INTO consume_detail_info( user_name, consume_time, consume_money, consume_id, remark, create_time, create_user, update_time, update_user) VALUES ( '80003382', '2018-09-11', 69.0000, 'transport', '11号凌晨迁移,南山至龙华出租车费用', '2018-09-11 01:54:13.218', '80003382', '2018-09-11 10:33:51.492', '80003382');
INSERT INTO consume_detail_info( user_name, consume_time, consume_money, consume_id, remark, create_time, create_user, update_time, update_user) VALUES ( '80003382', '2018-09-11', 5.8500, 'transport', '上下班地铁', '2018-09-11 23:00:00.097', 'admin', '2018-09-11 23:00:00.097', 'admin');
INSERT INTO consume_detail_info( user_name, consume_time, consume_money, consume_id, remark, create_time, create_user, update_time, update_user) VALUES ( '80003382', '2018-09-11', 5.8500, 'transport', '上下班地铁', '2018-09-11 23:00:00.097', 'admin', '2018-09-11 23:00:00.097', 'admin');
INSERT INTO consume_detail_info( user_name, consume_time, consume_money, consume_id, remark, create_time, create_user, update_time, update_user) VALUES ( '80003382', '2018-09-11', 12.0000, 'life', '中餐(外卖)', '2018-09-11 23:09:54.924', '80003382', '2018-09-11 23:09:54.924', '80003382');
INSERT INTO consume_detail_info( user_name, consume_time, consume_money, consume_id, remark, create_time, create_user, update_time, update_user) VALUES ( '80003382', '2018-09-11', 12.0000, 'life', '晚餐(金嘉味)', '2018-09-11 23:10:22.517', '80003382', '2018-09-11 23:10:22.517', '80003382');
INSERT INTO consume_detail_info( user_name, consume_time, consume_money, consume_id, remark, create_time, create_user, update_time, update_user) VALUES ( '80003382', '2018-09-12', 14.0000, 'life', '晚餐', '2018-09-12 23:31:52.31', '80003382', '2018-09-12 23:31:52.31', '80003382');
INSERT INTO consume_detail_info( user_name, consume_time, consume_money, consume_id, remark, create_time, create_user, update_time, update_user) VALUES ( '80003382', '2018-09-13', 14.0000, 'life', '中餐', '2018-09-13 12:35:31.781', '80003382', '2018-09-13 12:35:31.781', '80003382');
INSERT INTO consume_detail_info( user_name, consume_time, consume_money, consume_id, remark, create_time, create_user, update_time, update_user) VALUES ( '80003382', '2018-09-13', 15.0000, 'life', '晚餐', '2018-09-13 20:18:13.674', '80003382', '2018-09-13 20:18:13.674', '80003382');
INSERT INTO consume_detail_info( user_name, consume_time, consume_money, consume_id, remark, create_time, create_user, update_time, update_user) VALUES ( '80003382', '2018-09-13', 5.8500, 'transport', '上下班地铁', '2018-09-13 23:00:00.026', 'admin', '2018-09-13 23:00:00.026', 'admin');
INSERT INTO consume_detail_info( user_name, consume_time, consume_money, consume_id, remark, create_time, create_user, update_time, update_user) VALUES ( '80003382', '2018-09-13', 5.8500, 'transport', '上下班地铁', '2018-09-13 23:00:00.026', 'admin', '2018-09-13 23:00:00.026', 'admin');
INSERT INTO consume_detail_info( user_name, consume_time, consume_money, consume_id, remark, create_time, create_user, update_time, update_user) VALUES ( '80003382', '2018-09-14', 13.0000, 'life', '中餐', '2018-09-14 12:39:43.796', '80003382', '2018-09-14 12:39:43.796', '80003382');
INSERT INTO consume_detail_info( user_name, consume_time, consume_money, consume_id, remark, create_time, create_user, update_time, update_user) VALUES ( '80003382', '2018-09-14', 14.0000, 'life', '晚餐', '2018-09-14 19:34:22.105', '80003382', '2018-09-14 19:34:22.105', '80003382');
INSERT INTO consume_detail_info( user_name, consume_time, consume_money, consume_id, remark, create_time, create_user, update_time, update_user) VALUES ( '80003382', '2018-09-14', 5.8500, 'transport', '上下班地铁', '2018-09-14 23:00:00.882', 'admin', '2018-09-14 23:00:00.882', 'admin');
INSERT INTO consume_detail_info( user_name, consume_time, consume_money, consume_id, remark, create_time, create_user, update_time, update_user) VALUES ( '80003382', '2018-09-14', 5.8500, 'transport', '上下班地铁', '2018-09-14 23:00:00.882', 'admin', '2018-09-14 23:00:00.882', 'admin');
INSERT INTO consume_detail_info( user_name, consume_time, consume_money, consume_id, remark, create_time, create_user, update_time, update_user) VALUES ( '80003382', '2018-09-15', 8.0000, 'transport', '地铁到龙岗中心城', '2018-09-15 00:27:56.841', '80003382', '2018-09-15 00:27:56.841', '80003382');
INSERT INTO consume_detail_info( user_name, consume_time, consume_money, consume_id, remark, create_time, create_user, update_time, update_user) VALUES ( '80003382', '2018-09-15', 7.0000, 'life', '地铁', '2018-09-15 22:48:12.054', '80003382', '2018-09-15 22:48:12.054', '80003382');
INSERT INTO consume_detail_info( user_name, consume_time, consume_money, consume_id, remark, create_time, create_user, update_time, update_user) VALUES ( '80003382', '2018-09-15', 93.0000, 'other', '果篮', '2018-09-15 22:48:38.929', '80003382', '2018-09-15 22:48:38.929', '80003382');
INSERT INTO consume_detail_info( user_name, consume_time, consume_money, consume_id, remark, create_time, create_user, update_time, update_user) VALUES ( '80003382', '2018-09-15', 666.0000, 'other', '开业红包', '2018-09-15 22:48:55.49', '80003382', '2018-09-15 22:48:55.49', '80003382');
INSERT INTO consume_detail_info( user_name, consume_time, consume_money, consume_id, remark, create_time, create_user, update_time, update_user) VALUES ( '80003382', '2018-09-15', 12.5000, 'life', '可乐+花生', '2018-09-16 01:47:33.471', '80003382', '2018-09-16 01:47:33.471', '80003382');
INSERT INTO consume_detail_info( user_name, consume_time, consume_money, consume_id, remark, create_time, create_user, update_time, update_user) VALUES ( '80003382', '2018-09-15', 46.0000, 'other', '3杯奶茶', '2018-09-16 01:48:17.621', '80003382', '2018-09-16 01:48:17.621', '80003382');



















